registry_id,grade,semester_proposed,plan_unit,title_en,title_lt,unit_periods_proposed,content_status,official_source
lt-physics-g9-01,9,autumn,thermal,Thermal phenomena,Šiluminiai reiškiniai,13,partial: 4 published bilingual lessons,https://emokykla.lt/bendrosios-programos/visos-bendrosios-programos/12
lt-physics-g9-02,9,autumn,thermal,Thermal phenomena,Šiluminiai reiškiniai,13,partial: 4 published bilingual lessons,https://emokykla.lt/bendrosios-programos/visos-bendrosios-programos/12
lt-physics-g9-03,9,autumn,topic-2,Mechanical motion,Mechaninis judėjimas,12,planned,https://emokykla.lt/bendrosios-programos/visos-bendrosios-programos/12
lt-physics-g9-04,9,spring,topic-3,Forces and interaction,Jėgos ir sąveikos dėsniai,10,planned,https://emokykla.lt/bendrosios-programos/visos-bendrosios-programos/12
lt-physics-g9-05,9,spring,topic-3,Forces and interaction,Jėgos ir sąveikos dėsniai,10,planned,https://emokykla.lt/bendrosios-programos/visos-bendrosios-programos/12
lt-physics-g9-06,9,spring,topic-4,Pressure,Slėgis,5,planned,https://emokykla.lt/bendrosios-programos/visos-bendrosios-programos/12
lt-physics-g9-07,9,spring,topic-5,"Work, power and energy","Darbas, galia ir energija",6,planned,https://emokykla.lt/bendrosios-programos/visos-bendrosios-programos/12
lt-physics-g9-08,9,spring,topic-5,"Work, power and energy","Darbas, galia ir energija",6,planned,https://emokykla.lt/bendrosios-programos/visos-bendrosios-programos/12
lt-physics-g9-09,9,spring,topic-6,Simple machines,Paprastieji mechanizmai,4,planned,https://emokykla.lt/bendrosios-programos/visos-bendrosios-programos/12
lt-physics-g10-01,10,autumn,topic-1,Mechanical oscillations and waves,Mechaniniai svyravimai ir bangos,15,planned,https://emokykla.lt/bendrosios-programos/visos-bendrosios-programos/12
lt-physics-g10-02,10,autumn,topic-1,Mechanical oscillations and waves,Mechaniniai svyravimai ir bangos,15,planned,https://emokykla.lt/bendrosios-programos/visos-bendrosios-programos/12
lt-physics-g10-03,10,autumn,topic-2,Permanent magnets and magnetic fields,Nuolatiniai magnetai ir magnetinis laukas,10,planned,https://emokykla.lt/bendrosios-programos/visos-bendrosios-programos/12
lt-physics-g10-04,10,autumn,topic-2,Permanent magnets and magnetic fields,Nuolatiniai magnetai ir magnetinis laukas,10,planned,https://emokykla.lt/bendrosios-programos/visos-bendrosios-programos/12
lt-physics-g10-03,10,spring,topic-2-spring,"Current, magnetic fields and induction","Srovė, magnetinis laukas ir indukcija",10,planned,https://emokykla.lt/bendrosios-programos/visos-bendrosios-programos/12
lt-physics-g10-04,10,spring,topic-2-spring,"Current, magnetic fields and induction","Srovė, magnetinis laukas ir indukcija",10,planned,https://emokykla.lt/bendrosios-programos/visos-bendrosios-programos/12
lt-physics-g10-05,10,spring,topic-3,Producing electrical energy,Elektros energijos gamyba,5,planned,https://emokykla.lt/bendrosios-programos/visos-bendrosios-programos/12
lt-physics-g10-06,10,spring,topic-4,Electromagnetic oscillations and waves,Elektromagnetiniai virpesiai ir bangos,10,planned,https://emokykla.lt/bendrosios-programos/visos-bendrosios-programos/12
lt-physics-g10-07,10,spring,topic-4,Electromagnetic oscillations and waves,Elektromagnetiniai virpesiai ir bangos,10,planned,https://emokykla.lt/bendrosios-programos/visos-bendrosios-programos/12
lt-physics-g11-01,11,autumn,topic-1,"Physics, methods and measurements","Fizikos mokslas, metodai ir matavimai",10,planned,https://emokykla.lt/bendrosios-programos/visos-bendrosios-programos/12
lt-physics-g11-02,11,autumn,topic-1,"Physics, methods and measurements","Fizikos mokslas, metodai ir matavimai",10,planned,https://emokykla.lt/bendrosios-programos/visos-bendrosios-programos/12
lt-physics-g11-03,11,autumn,topic-1,"Physics, methods and measurements","Fizikos mokslas, metodai ir matavimai",10,planned,https://emokykla.lt/bendrosios-programos/visos-bendrosios-programos/12
lt-physics-g11-04,11,autumn,topic-2,Motion and forces,Judėjimas ir jėgos,22,planned,https://emokykla.lt/bendrosios-programos/visos-bendrosios-programos/12
lt-physics-g11-05,11,autumn,topic-2,Motion and forces,Judėjimas ir jėgos,22,planned,https://emokykla.lt/bendrosios-programos/visos-bendrosios-programos/12
lt-physics-g11-06,11,autumn,topic-3,Momentum and impulse,Judesio kiekis ir impulsas,8,planned,https://emokykla.lt/bendrosios-programos/visos-bendrosios-programos/12
lt-physics-g11-07,11,autumn,topic-4,"Energy, work and power","Energija, darbas, galia",10,planned,https://emokykla.lt/bendrosios-programos/visos-bendrosios-programos/12
lt-physics-g11-08,11,spring,topic-5,Microscopic models and thermodynamics,"Mikro ir makro pasaulis, termodinamika",20,planned,https://emokykla.lt/bendrosios-programos/visos-bendrosios-programos/12
lt-physics-g11-09,11,spring,topic-5,Microscopic models and thermodynamics,"Mikro ir makro pasaulis, termodinamika",20,planned,https://emokykla.lt/bendrosios-programos/visos-bendrosios-programos/12
lt-physics-g11-10,11,spring,topic-6,Electrical and magnetic phenomena; energy sources,"Elektriniai ir magnetiniai reiškiniai, energijos šaltiniai",30,planned,https://emokykla.lt/bendrosios-programos/visos-bendrosios-programos/12
lt-physics-g11-11,11,spring,topic-6,Electrical and magnetic phenomena; energy sources,"Elektriniai ir magnetiniai reiškiniai, energijos šaltiniai",30,planned,https://emokykla.lt/bendrosios-programos/visos-bendrosios-programos/12
lt-physics-g11-12,11,spring,topic-6,Electrical and magnetic phenomena; energy sources,"Elektriniai ir magnetiniai reiškiniai, energijos šaltiniai",30,planned,https://emokykla.lt/bendrosios-programos/visos-bendrosios-programos/12
lt-physics-g11-13,11,spring,topic-6,Electrical and magnetic phenomena; energy sources,"Elektriniai ir magnetiniai reiškiniai, energijos šaltiniai",30,planned,https://emokykla.lt/bendrosios-programos/visos-bendrosios-programos/12
lt-physics-g11-14,11,spring,topic-6,Electrical and magnetic phenomena; energy sources,"Elektriniai ir magnetiniai reiškiniai, energijos šaltiniai",30,planned,https://emokykla.lt/bendrosios-programos/visos-bendrosios-programos/12
lt-physics-g11-15,11,spring,topic-6,Electrical and magnetic phenomena; energy sources,"Elektriniai ir magnetiniai reiškiniai, energijos šaltiniai",30,planned,https://emokykla.lt/bendrosios-programos/visos-bendrosios-programos/12
lt-physics-g12-01,12,autumn,topic-1,"Oscillations, waves and alternating current","Svyravimai, bangos ir kintamoji srovė",25,planned,https://emokykla.lt/bendrosios-programos/visos-bendrosios-programos/12
lt-physics-g12-02,12,autumn,topic-1,"Oscillations, waves and alternating current","Svyravimai, bangos ir kintamoji srovė",25,planned,https://emokykla.lt/bendrosios-programos/visos-bendrosios-programos/12
lt-physics-g12-03,12,autumn,topic-1,"Oscillations, waves and alternating current","Svyravimai, bangos ir kintamoji srovė",25,planned,https://emokykla.lt/bendrosios-programos/visos-bendrosios-programos/12
lt-physics-g12-04,12,autumn,topic-1,"Oscillations, waves and alternating current","Svyravimai, bangos ir kintamoji srovė",25,planned,https://emokykla.lt/bendrosios-programos/visos-bendrosios-programos/12
lt-physics-g12-05,12,autumn,topic-2,Geometrical and wave optics,Geometrinė ir banginė optika,25,planned,https://emokykla.lt/bendrosios-programos/visos-bendrosios-programos/12
lt-physics-g12-06,12,autumn,topic-2,Geometrical and wave optics,Geometrinė ir banginė optika,25,planned,https://emokykla.lt/bendrosios-programos/visos-bendrosios-programos/12
lt-physics-g12-07,12,spring,topic-3,"Quantum optics, atoms, nuclei and particles","Kvantinė optika, atomas, branduolys ir dalelės",26,planned,https://emokykla.lt/bendrosios-programos/visos-bendrosios-programos/12
lt-physics-g12-08,12,spring,topic-3,"Quantum optics, atoms, nuclei and particles","Kvantinė optika, atomas, branduolys ir dalelės",26,planned,https://emokykla.lt/bendrosios-programos/visos-bendrosios-programos/12
lt-physics-g12-09,12,spring,topic-3,"Quantum optics, atoms, nuclei and particles","Kvantinė optika, atomas, branduolys ir dalelės",26,planned,https://emokykla.lt/bendrosios-programos/visos-bendrosios-programos/12
lt-physics-g12-10,12,spring,topic-3,"Quantum optics, atoms, nuclei and particles","Kvantinė optika, atomas, branduolys ir dalelės",26,planned,https://emokykla.lt/bendrosios-programos/visos-bendrosios-programos/12
lt-physics-g12-11,12,spring,topic-4,Relativity,Reliatyvumo teorija,10,planned,https://emokykla.lt/bendrosios-programos/visos-bendrosios-programos/12
lt-physics-g12-12,12,spring,topic-4,Relativity,Reliatyvumo teorija,10,planned,https://emokykla.lt/bendrosios-programos/visos-bendrosios-programos/12
